Date;Open;High;Low;Close;Volume;Ticker;Industry;Time
21/01/2025 00:00;430.2000122;430.8999939;425.6000061;428.5;26085700;MSFT;Technology;0
22/01/2025 00:00;437.5599976;447.269989;436;446.2000122;27803800;MSFT;Technology;0
23/01/2025 00:00;442;446.75;441.5;446.7099915;18389300;MSFT;Technology;Pre Quarter
24/01/2025 00:00;445.1600037;446.6499939;441.3999939;444.0599976;15549500;MSFT;Technology;Pre Quarter
27/01/2025 00:00;424.0100098;435.2000122;423.5;434.5599976;35647800;MSFT;Technology;Pre Quarter
28/01/2025 00:00;434.6000061;448.3800049;431.3800049;447.2000122;23491700;MSFT;Technology;Pre Quarter
29/01/2025 00:00;446.6900024;446.8800049;440.3999939;442.3299866;23581400;MSFT;Technology;Pre Quarter
30/01/2025 00:00;418.769989;422.8599854;413.1600037;414.9899902;54586300;MSFT;Technology;Pre Quarter
31/01/2025 00:00;418.980011;420.6900024;414.9100037;415.0599976;34223400;MSFT;Technology;Pre Quarter
03/02/2025 00:00;411.6000061;415.4100037;408.6600037;410.9200134;25679100;MSFT;Technology;Pos Quarter
04/02/2025 00:00;412.6900024;413.9200134;409.7399902;412.3699951;20532100;MSFT;Technology;Pos Quarter
05/02/2025 00:00;412.3500061;413.8299866;410.3999939;413.2900085;16316700;MSFT;Technology;Pos Quarter
06/02/2025 00:00;414;418.2000122;414;415.8200073;16309800;MSFT;Technology;Pos Quarter
07/02/2025 00:00;416.480011;418.6499939;408.1000061;409.75;22886800;MSFT;Technology;Pos Quarter
10/02/2025 00:00;413.7099915;415.4599915;410.9200134;412.2200012;20817900;MSFT;Technology;Pos Quarter
11/02/2025 00:00;409.6400146;412.4899902;409.2999878;411.4400024;18140600;MSFT;Technology;Pos Quarter
12/02/2025 00:00;407.2099915;410.75;404.3699951;409.0400085;19121700;MSFT;Technology;0
13/02/2025 00:00;407;411;406.3599854;410.5400085;23891700;MSFT;Technology;0
14/02/2025 00:00;407.7900085;408.9100037;405.8800049;408.4299927;22758500;MSFT;Technology;0
18/02/2025 00:00;408;410.6000061;406.5;409.6400146;21384700;MSFT;Technology;0
19/02/2025 00:00;408.3599854;411.8486938;407.7399902;410.3999939;7317780;MSFT;Technology;0
21/01/2025 00:00;223.7539842;224.1735211;219.1390632;222.3954773;98070400;AAPL;Technology;0
22/01/2025 00:00;219.5485961;223.8738423;219.5485961;223.5841675;64126500;AAPL;Technology;0
23/01/2025 00:00;224.4931834;226.7806617;222.0558607;223.4143677;60234800;AAPL;Technology;Pre Quarter
24/01/2025 00:00;224.5331275;225.3822001;221.1668336;222.5353241;54697900;AAPL;Technology;Pre Quarter
27/01/2025 00:00;223.7739617;231.8950221;223.7339971;229.6075439;94863400;AAPL;Technology;Pre Quarter
28/01/2025 00:00;230.5964713;239.9262098;230.5565067;237.9983215;75707600;AAPL;Technology;Pre Quarter
29/01/2025 00:00;233.8628716;239.5965731;233.7529918;239.0971222;45486100;AAPL;Technology;Pre Quarter
30/01/2025 00:00;238.4078715;240.5255382;236.9494835;237.3290558;55658300;AAPL;Technology;Pre Quarter
31/01/2025 00:00;246.9185273;246.9185273;233.1836282;235.7408142;101075100;AAPL;Technology;Pre Quarter
03/02/2025 00:00;229.737419;231.5753945;225.4521219;227.7595825;73063300;AAPL;Technology;Pos Quarter
04/02/2025 00:00;227.0004191;232.8739662;226.401072;232.5443268;45067300;AAPL;Technology;Pos Quarter
05/02/2025 00:00;228.2790158;232.4144685;228.0193069;232.2146912;39620300;AAPL;Technology;Pos Quarter
06/02/2025 00:00;231.0359789;233.543232;230.1769228;232.9638672;29925300;AAPL;Technology;Pos Quarter
07/02/2025 00:00;232.3445477;233.743004;227.0104009;227.3800049;39707200;AAPL;Technology;Pos Quarter
10/02/2025 00:00;229.5700073;230.5899963;227.1999969;227.6499939;33115600;AAPL;Technology;Pos Quarter
11/02/2025 00:00;228.1999969;235.2299957;228.1300049;232.6199951;53718400;AAPL;Technology;Pos Quarter
12/02/2025 00:00;231.1999969;236.9600067;230.6799927;236.8699951;45243300;AAPL;Technology;0
13/02/2025 00:00;236.9100037;242.3399963;235.5700073;241.5299988;53614100;AAPL;Technology;0
14/02/2025 00:00;241.25;245.5500031;240.9900055;244.6000061;40896200;AAPL;Technology;0
18/02/2025 00:00;244.1499939;245.1799927;241.8399963;244.4700012;48769700;AAPL;Technology;0
19/02/2025 00:00;244.6100006;246.0099945;243.1604004;244.1300049;12111223;AAPL;Technology;0
21/01/2025 00:00;139.1600037;141.8300018;137.0899963;140.8300018;197749000;NVDA;Technology;0
22/01/2025 00:00;144.6600037;147.7899933;143.6699982;147.0700073;237651400;NVDA;Technology;0
23/01/2025 00:00;145.0500031;147.2299957;143.7200012;147.2200012;155915500;NVDA;Technology;Pre Quarter
24/01/2025 00:00;148.3699951;148.9700012;141.8800049;142.6199951;234657600;NVDA;Technology;Pre Quarter
27/01/2025 00:00;124.8000031;128.3999939;116.6999969;118.4199982;818830900;NVDA;Technology;Pre Quarter
28/01/2025 00:00;121.8099976;129;116.25;128.9900055;579666400;NVDA;Technology;Pre Quarter
29/01/2025 00:00;126.5;126.8899994;120.0500031;123.6999969;467120600;NVDA;Technology;Pre Quarter
30/01/2025 00:00;123.0999985;125;118.0999985;124.6500015;392925500;NVDA;Technology;Pre Quarter
31/01/2025 00:00;123.7799988;127.8499985;119.1900024;120.0699997;390372900;NVDA;Technology;Pre Quarter
03/02/2025 00:00;114.75;118.5699997;113.0100021;116.6600037;371235700;NVDA;Technology;Pos Quarter
04/02/2025 00:00;116.9599991;121.1999969;116.6999969;118.6500015;256550000;NVDA;Technology;Pos Quarter
05/02/2025 00:00;121.7600021;125;120.7600021;124.8300018;262230800;NVDA;Technology;Pos Quarter
06/02/2025 00:00;127.4199982;128.7700043;125.2099991;128.6799927;251483600;NVDA;Technology;Pos Quarter
07/02/2025 00:00;129.2200012;130.3699951;125;129.8399963;228186300;NVDA;Technology;Pos Quarter
10/02/2025 00:00;130.0899963;135;129.9600067;133.5700073;216989100;NVDA;Technology;Pos Quarter
11/02/2025 00:00;132.5800018;134.4799957;131.0200043;132.8000031;178902400;NVDA;Technology;Pos Quarter
12/02/2025 00:00;130.0200043;132.2400055;129.0800018;131.1399994;160278600;NVDA;Technology;0
13/02/2025 00:00;131.5599976;136.5;131.1699982;135.2899933;197430000;NVDA;Technology;0
14/02/2025 00:00;136.4799957;139.25;135.5;138.8500061;195479600;NVDA;Technology;0
18/02/2025 00:00;141.2700043;143.4400024;137.9299927;139.3999939;218478900;NVDA;Technology;0
19/02/2025 00:00;139.5099945;140.4199066;137.2200012;139.8800049;71538890;NVDA;Technology;0
21/01/2025 00:00;199.0700073;202.2899933;197.8699951;198.0500031;29971300;GOOGL;Technology;0
22/01/2025 00:00;199.0599976;200.4799957;197.5299988;198.3699951;26200600;GOOGL;Technology;0
23/01/2025 00:00;198.1399994;200.3000031;195.1999969;197.9799957;26951400;GOOGL;Technology;Pre Quarter
24/01/2025 00:00;198.1000061;200.8999939;198;200.2100067;23877500;GOOGL;Technology;Pre Quarter
27/01/2025 00:00;192.4100037;196.8800049;190.7299957;191.8099976;41728900;GOOGL;Technology;Pre Quarter
28/01/2025 00:00;192.75;195.4799957;190.6799927;195.3000031;24157900;GOOGL;Technology;Pre Quarter
29/01/2025 00:00;195.5599976;196.7899933;193.4299927;195.4100037;18218300;GOOGL;Technology;Pre Quarter
30/01/2025 00:00;198;201.3999939;197.6699982;200.8699951;24354700;GOOGL;Technology;Pre Quarter
31/01/2025 00:00;202;205.4799957;201.8000031;204.0200043;32042000;GOOGL;Technology;Pre Quarter
03/02/2025 00:00;200.6900024;203.75;200.1000061;201.2299957;27838300;GOOGL;Technology;Pos Quarter
04/02/2025 00:00;203.3899994;207.0500031;202.8099976;206.3800049;43856400;GOOGL;Technology;Pos Quarter
05/02/2025 00:00;191.0700073;192.75;188.0299988;191.3300018;70373900;GOOGL;Technology;Pos Quarter
06/02/2025 00:00;189.5;192.1000061;188.7200012;191.6000061;29297400;GOOGL;Technology;Pos Quarter
07/02/2025 00:00;191.0500031;191.1799927;183.2400055;185.3399963;49315000;GOOGL;Technology;Pos Quarter
10/02/2025 00:00;187.3500061;188.1999969;185.8600006;186.4700012;23105600;GOOGL;Technology;Pos Quarter
11/02/2025 00:00;185.0299988;186.9400024;184.2799988;185.3200073;21239500;GOOGL;Technology;Pos Quarter
12/02/2025 00:00;183.2200012;185.1100006;181.8300018;183.6100006;22072600;GOOGL;Technology;0
13/02/2025 00:00;184.3200073;186.2799988;183.1399994;186.1399994;21402500;GOOGL;Technology;0
14/02/2025 00:00;185.0599976;186.3999939;184.3200073;185.2299957;20448400;GOOGL;Technology;0
18/02/2025 00:00;185.6000061;185.9600067;181.7400055;183.7700043;29878700;GOOGL;Technology;0
19/02/2025 00:00;184.3350067;185.1799927;183.6000061;184.5599976;6998222;GOOGL;Technology;0
21/01/2025 00:00;228.8999939;231.7799988;226.9400024;230.7100067;39951500;AMZN;Technology;0
22/01/2025 00:00;232.0200043;235.4400024;231.1900024;235.0099945;41448200;AMZN;Technology;0
23/01/2025 00:00;234.1000061;235.5200043;231.5099945;235.4199982;26404400;AMZN;Technology;Pre Quarter
24/01/2025 00:00;234.5;236.3999939;232.9299927;234.8500061;25890700;AMZN;Technology;Pre Quarter
27/01/2025 00:00;226.2100067;235.6100006;225.8600006;235.4199982;49428300;AMZN;Technology;Pre Quarter
28/01/2025 00:00;234.2899933;241.7700043;233.9799957;238.1499939;41587200;AMZN;Technology;Pre Quarter
29/01/2025 00:00;239.0200043;240.3899994;236.1499939;237.0700073;26091700;AMZN;Technology;Pre Quarter
30/01/2025 00:00;237.1399994;237.9499969;232.2200012;234.6399994;32020700;AMZN;Technology;Pre Quarter
31/01/2025 00:00;236.5;240.2899933;236.4100037;237.6799927;36162400;AMZN;Technology;Pre Quarter
03/02/2025 00:00;234.0599976;239.25;232.8999939;237.4199982;37285900;AMZN;Technology;Pos Quarter
04/02/2025 00:00;239.0099945;242.5200043;238.0299988;242.0599976;29713800;AMZN;Technology;Pos Quarter
05/02/2025 00:00;237.0200043;238.3200073;235.1999969;236.1699982;38727300;AMZN;Technology;Pos Quarter
06/02/2025 00:00;238.0099945;239.6600037;236.0099945;238.8300018;60897100;AMZN;Technology;Pos Quarter
07/02/2025 00:00;232.5;234.8099976;228.0599976;229.1499939;77539300;AMZN;Technology;Pos Quarter
10/02/2025 00:00;230.5500031;233.9199982;229.1999969;233.1399994;35419900;AMZN;Technology;Pos Quarter
11/02/2025 00:00;231.9199982;233.4400024;230.1300049;232.7599945;23713700;AMZN;Technology;Pos Quarter
12/02/2025 00:00;230.4600067;231.1799927;228.1600037;228.9299927;32285200;AMZN;Technology;0
13/02/2025 00:00;228.8500061;230.4199982;227.5200043;230.3699951;31346500;AMZN;Technology;0
14/02/2025 00:00;229.1999969;229.8899994;227.2299957;228.6799927;27031100;AMZN;Technology;0
18/02/2025 00:00;228.8200073;229.3000031;223.7200012;226.6499939;42913900;AMZN;Technology;0
19/02/2025 00:00;225.3999939;226.1600037;223.7100067;224.6450043;9535856;AMZN;Technology;0
21/01/2025 00:00;617.8300171;621.5;609.0100098;616.460022;11674000;META;Technology;0
22/01/2025 00:00;623.2999878;633.7000122;619.4299927;623.5;12274000;META;Technology;0
23/01/2025 00:00;627.3599854;636.5999756;621.1500244;636.4500122;9910200;META;Technology;Pre Quarter
24/01/2025 00:00;636.4000244;652;634.2000122;647.4899902;19065300;META;Technology;Pre Quarter
27/01/2025 00:00;626.6099854;663.8699951;625.0999756;659.8800049;28399200;META;Technology;Pre Quarter
28/01/2025 00:00;666;682.5800171;659.4699707;674.3300171;20950100;META;Technology;Pre Quarter
29/01/2025 00:00;675;681.0499878;665.6699829;676.4899902;21377800;META;Technology;Pre Quarter
30/01/2025 00:00;696.8200073;710.789978;676.0999756;687;29322900;META;Technology;Pre Quarter
31/01/2025 00:00;691;705.2999878;685.5800171;689.1799927;19331700;META;Technology;Pre Quarter
03/02/2025 00:00;675.9099731;704;675.25;697.460022;21415700;META;Technology;Pos Quarter
04/02/2025 00:00;702.5;707.710022;691.6099854;704.1900024;13826300;META;Technology;Pos Quarter
05/02/2025 00:00;703.5499878;718.1400146;699.0100098;704.8699951;17778200;META;Technology;Pos Quarter
06/02/2025 00:00;705.8800049;718.9000244;703.5;711.9899902;13080700;META;Technology;Pos Quarter
07/02/2025 00:00;716.7999878;725.0100098;711.75;714.5200195;16427100;META;Technology;Pos Quarter
10/02/2025 00:00;718.5599976;721.2000122;711.3300171;717.4000244;12904300;META;Technology;Pos Quarter
11/02/2025 00:00;713.3200073;723.6599731;710.039978;719.7999878;12998000;META;Technology;Pos Quarter
12/02/2025 00:00;715.2999878;727.0999756;712.5999756;725.3800049;12016500;META;Technology;0
13/02/2025 00:00;721.5200195;729;718.039978;728.5599976;12569100;META;Technology;0
14/02/2025 00:00;726.1400146;740.9099731;725.6199951;736.6699829;16901200;META;Technology;0
18/02/2025 00:00;736;737;706.4400024;716.3699951;21912100;META;Technology;0
19/02/2025 00:00;704.0949707;707;695.4044189;701.7199707;9455407;META;Technology;0
21/01/2025 00:00;146.3882149;147.6778945;145.8822702;146.973526;11111700;JNJ;Healthcare;0
22/01/2025 00:00;142.8564902;144.3148181;140.9814994;144.1164093;16834700;JNJ;Healthcare;0
23/01/2025 00:00;144.2850572;146.735444;143.6600552;145.4755249;10506400;JNJ;Healthcare;Pre Quarter
24/01/2025 00:00;145.6441682;146.4576638;145.2175902;145.6540985;9887300;JNJ;Healthcare;Pre Quarter
27/01/2025 00:00;147.271144;152.2314386;146.8247205;151.6758881;15152300;JNJ;Healthcare;Pre Quarter
28/01/2025 00:00;151.4477146;151.7552504;149.106455;149.1858215;10320600;JNJ;Healthcare;Pre Quarter
29/01/2025 00:00;149.3048748;150.673921;148.8088453;149.949707;7156400;JNJ;Healthcare;Pre Quarter
30/01/2025 00:00;150.7036835;152.9159708;150.158048;151.6560516;8911000;JNJ;Healthcare;Pre Quarter
31/01/2025 00:00;151.4080261;151.9635767;150.8524755;150.9417572;8458700;JNJ;Healthcare;Pre Quarter
03/02/2025 00:00;150.7929587;151.2592276;149.5826456;150.6639862;6687500;JNJ;Healthcare;Pos Quarter
04/02/2025 00:00;150.158043;152.9556414;149.7512952;152.2711334;9645000;JNJ;Healthcare;Pos Quarter
05/02/2025 00:00;152.5985072;153.5012693;152.0925475;153.4615936;8947000;JNJ;Healthcare;Pos Quarter
06/02/2025 00:00;153.5607888;153.6103947;152.1619972;152.2909546;7418100;JNJ;Healthcare;Pos Quarter
07/02/2025 00:00;152.3108005;153.2631837;151.5866018;151.9040527;6204900;JNJ;Healthcare;Pos Quarter
10/02/2025 00:00;152.3901805;153.1441399;151.0806554;153.0151825;6936200;JNJ;Healthcare;Pos Quarter
11/02/2025 00:00;152.8862039;155.1480971;152.7175557;154.8901672;7554500;JNJ;Healthcare;Pos Quarter
12/02/2025 00:00;154.0369994;154.4239018;153.0449404;154.0270691;7746000;JNJ;Healthcare;0
13/02/2025 00:00;154.0270638;156.8742832;153.5607949;156.0012665;10704700;JNJ;Healthcare;0
14/02/2025 00:00;156.0409503;156.2195288;154.820722;154.9100037;6411800;JNJ;Healthcare;0
18/02/2025 00:00;154.1399994;155.4499969;153.2400055;154.9900055;9670200;JNJ;Healthcare;0
19/02/2025 00:00;155;157.5;154.75;157.2407074;2275522;JNJ;Healthcare;0
21/01/2025 00:00;26.01983842;26.20674706;25.96081286;26.20674706;39745600;PFE;Healthcare;0
22/01/2025 00:00;26.07886062;26.16739708;25.54764189;25.58699226;41890400;PFE;Healthcare;0
23/01/2025 00:00;25.58699313;26.04934872;25.4295954;26.01000023;40987000;PFE;Healthcare;Pre Quarter
24/01/2025 00:00;26.02000046;26.20000076;25.95999908;26.09000015;31300200;PFE;Healthcare;Pre Quarter
27/01/2025 00:00;26.23999977;26.96999931;26.18000031;26.86000061;50648600;PFE;Healthcare;Pre Quarter
28/01/2025 00:00;26.78000069;26.86000061;26.48999977;26.75;40589600;PFE;Healthcare;Pre Quarter
29/01/2025 00:00;26.79999924;27.06999969;26.56999969;26.62000084;34418200;PFE;Healthcare;Pre Quarter
30/01/2025 00:00;26.65999985;27.01000023;26.57999992;26.90999985;32289600;PFE;Healthcare;Pre Quarter
31/01/2025 00:00;26.95999908;27.01000023;26.42000008;26.52000046;37338200;PFE;Healthcare;Pre Quarter
03/02/2025 00:00;26.29999924;26.46999931;26.14999962;26.20000076;49626200;PFE;Healthcare;Pos Quarter
04/02/2025 00:00;26.10000038;26.92000008;25.60000038;25.87000084;68748300;PFE;Healthcare;Pos Quarter
05/02/2025 00:00;25.95000076;26.69000053;25.70000076;26.44000053;50426800;PFE;Healthcare;Pos Quarter
06/02/2025 00:00;26.42000008;26.46999931;25.78000069;25.82999992;45182000;PFE;Healthcare;Pos Quarter
07/02/2025 00:00;25.86000061;25.95999908;25.53000069;25.73999977;36512800;PFE;Healthcare;Pos Quarter
10/02/2025 00:00;25.78000069;26.12000084;25.51000023;25.87000084;39632700;PFE;Healthcare;Pos Quarter
11/02/2025 00:00;25.82999992;25.90999985;25.45999908;25.53000069;36593300;PFE;Healthcare;Pos Quarter
12/02/2025 00:00;25.47999954;25.62000084;25.17000008;25.46999931;31671600;PFE;Healthcare;0
13/02/2025 00:00;25.48999977;25.73999977;25.32999992;25.63999939;30612500;PFE;Healthcare;0
14/02/2025 00:00;25.72999954;25.82999992;25.46999931;25.53000069;33214600;PFE;Healthcare;0
18/02/2025 00:00;25.61000061;25.73999977;25.42000008;25.55999947;40452600;PFE;Healthcare;0
19/02/2025 00:00;25.56999969;25.82999992;25.5;25.81999969;11410595;PFE;Healthcare;0
21/01/2025 00:00;35.75999832;37.90000153;35.29999924;35.88999939;12834900;MRNA;Healthcare;0
22/01/2025 00:00;36.34999847;41.09000015;36;38.5;16694500;MRNA;Healthcare;0
23/01/2025 00:00;38.40000153;42.54000092;36.99000168;42.38999939;13684200;MRNA;Healthcare;Pre Quarter
24/01/2025 00:00;43.18000031;45.40000153;40.78499985;41.40999985;17245600;MRNA;Healthcare;Pre Quarter
27/01/2025 00:00;40.86999893;44.08000183;40.70999908;41.65000153;12162900;MRNA;Healthcare;Pre Quarter
28/01/2025 00:00;41.99000168;45.15000153;40.75;44.93999863;13285800;MRNA;Healthcare;Pre Quarter
29/01/2025 00:00;43.27999878;44.74000168;40.67499924;40.72000122;14598100;MRNA;Healthcare;Pre Quarter
30/01/2025 00:00;41.40000153;42.54000092;39.88000107;41.04000092;12259600;MRNA;Healthcare;Pre Quarter
31/01/2025 00:00;41.18500137;41.45999908;39.31000137;39.41999817;6538800;MRNA;Healthcare;Pre Quarter
03/02/2025 00:00;38.20999908;38.65000153;35.93000031;36.54999924;13511800;MRNA;Healthcare;Pos Quarter
04/02/2025 00:00;36.65000153;37.91999817;33.84000015;34.16999817;22904900;MRNA;Healthcare;Pos Quarter
05/02/2025 00:00;34.31999969;35.56999969;33.90399933;34.97999954;9353700;MRNA;Healthcare;Pos Quarter
06/02/2025 00:00;35.20000076;35.24000168;33.61000061;33.61000061;8978800;MRNA;Healthcare;Pos Quarter
07/02/2025 00:00;33.50999832;33.77000046;32.45999908;32.59999847;9646800;MRNA;Healthcare;Pos Quarter
10/02/2025 00:00;33;33.39400101;31.65999985;31.87000084;10918300;MRNA;Healthcare;Pos Quarter
11/02/2025 00:00;31.52000046;32.41999817;30.70000076;30.93000031;10088600;MRNA;Healthcare;Pos Quarter
12/02/2025 00:00;30.96999931;31.07999992;30.23999977;30.53499985;8356600;MRNA;Healthcare;0
13/02/2025 00:00;31;31.95999908;30.27000046;31.92000008;14719600;MRNA;Healthcare;0
14/02/2025 00:00;30.53000069;33.90999985;29.25;32.99000168;25327300;MRNA;Healthcare;0
18/02/2025 00:00;33.04999924;36.97999954;32.04199982;35.75;18951600;MRNA;Healthcare;0
19/02/2025 00:00;35.11000061;36.75;35.04999924;35.97999954;4513807;MRNA;Healthcare;0
21/01/2025 00:00;514.0499878;525;512.8200073;524.9899902;5682100;UNH;Healthcare;0
22/01/2025 00:00;521.6599731;524.4400024;516;519.7199707;3756100;UNH;Healthcare;0
23/01/2025 00:00;527.8699951;531.4799805;519.3200073;529.7700195;4580800;UNH;Healthcare;Pre Quarter
24/01/2025 00:00;528.1099854;534.6300049;524.5100098;532.5100098;3671200;UNH;Healthcare;Pre Quarter
27/01/2025 00:00;539.9799805;551.9099731;539.9799805;543.5200195;4263000;UNH;Healthcare;Pre Quarter
28/01/2025 00:00;543.0100098;546.5;537.8400269;542.4799805;3162700;UNH;Healthcare;Pre Quarter
29/01/2025 00:00;541.7299805;543.4799805;534.0100098;538.0999756;2737600;UNH;Healthcare;Pre Quarter
30/01/2025 00:00;539.4699707;547.1099854;535;545.5700073;2924700;UNH;Healthcare;Pre Quarter
31/01/2025 00:00;543.2399902;549.1599731;541.4099731;542.4899902;4120500;UNH;Healthcare;Pre Quarter
03/02/2025 00:00;542;553.9099731;541.0700073;548.1799927;4083600;UNH;Healthcare;Pos Quarter
04/02/2025 00:00;545.2000122;548.8099976;541.5100098;545.4500122;2869900;UNH;Healthcare;Pos Quarter
05/02/2025 00:00;530.7299805;540.7000122;521.9099731;539.8099976;4621600;UNH;Healthcare;Pos Quarter
06/02/2025 00:00;537.8900146;539.0999756;525.2700195;530.039978;3926800;UNH;Healthcare;Pos Quarter
07/02/2025 00:00;529.2000122;532.3900146;525.3900146;527.0300293;3349100;UNH;Healthcare;Pos Quarter
10/02/2025 00:00;527.6699829;534.1599731;523.3800049;533.3699951;3143100;UNH;Healthcare;Pos Quarter
11/02/2025 00:00;535;547.539978;528.2700195;533.9199829;2631900;UNH;Healthcare;Pos Quarter
12/02/2025 00:00;539.8499756;542.3499756;525.5100098;527.4000244;3859200;UNH;Healthcare;0
13/02/2025 00:00;530.9000244;534.3300171;527.0999756;531.1799927;2835100;UNH;Healthcare;0
14/02/2025 00:00;529;533.2000122;522.9099731;523.5100098;3705300;UNH;Healthcare;0
18/02/2025 00:00;510.9400024;516;497;500.730011;8754600;UNH;Healthcare;0
19/02/2025 00:00;501.3299866;506.2550049;498.1499939;503.3811951;1440399;UNH;Healthcare;0
21/01/2025 00:00;514.0499878;525;512.8200073;524.9899902;5682100;UNH;Healthcare;0
22/01/2025 00:00;521.6599731;524.4400024;516;519.7199707;3756100;UNH;Healthcare;0
23/01/2025 00:00;527.8699951;531.4799805;519.3200073;529.7700195;4580800;UNH;Healthcare;Pre Quarter
24/01/2025 00:00;528.1099854;534.6300049;524.5100098;532.5100098;3671200;UNH;Healthcare;Pre Quarter
27/01/2025 00:00;539.9799805;551.9099731;539.9799805;543.5200195;4263000;UNH;Healthcare;Pre Quarter
28/01/2025 00:00;543.0100098;546.5;537.8400269;542.4799805;3162700;UNH;Healthcare;Pre Quarter
29/01/2025 00:00;541.7299805;543.4799805;534.0100098;538.0999756;2737600;UNH;Healthcare;Pre Quarter
30/01/2025 00:00;539.4699707;547.1099854;535;545.5700073;2924700;UNH;Healthcare;Pre Quarter
31/01/2025 00:00;543.2399902;549.1599731;541.4099731;542.4899902;4120500;UNH;Healthcare;Pre Quarter
03/02/2025 00:00;542;553.9099731;541.0700073;548.1799927;4083600;UNH;Healthcare;Pos Quarter
04/02/2025 00:00;545.2000122;548.8099976;541.5100098;545.4500122;2869900;UNH;Healthcare;Pos Quarter
05/02/2025 00:00;530.7299805;540.7000122;521.9099731;539.8099976;4621600;UNH;Healthcare;Pos Quarter
06/02/2025 00:00;537.8900146;539.0999756;525.2700195;530.039978;3926800;UNH;Healthcare;Pos Quarter
07/02/2025 00:00;529.2000122;532.3900146;525.3900146;527.0300293;3349100;UNH;Healthcare;Pos Quarter
10/02/2025 00:00;527.6699829;534.1599731;523.3800049;533.3699951;3143100;UNH;Healthcare;Pos Quarter
11/02/2025 00:00;535;547.539978;528.2700195;533.9199829;2631900;UNH;Healthcare;Pos Quarter
12/02/2025 00:00;539.8499756;542.3499756;525.5100098;527.4000244;3859200;UNH;Healthcare;0
13/02/2025 00:00;530.9000244;534.3300171;527.0999756;531.1799927;2835100;UNH;Healthcare;0
14/02/2025 00:00;529;533.2000122;522.9099731;523.5100098;3705300;UNH;Healthcare;0
18/02/2025 00:00;510.9400024;516;497;500.730011;8754600;UNH;Healthcare;0
19/02/2025 00:00;501.3299866;506.2550049;498.1499939;503.3811951;1440399;UNH;Healthcare;0
21/01/2025 00:00;730.011861;742.0012074;725.280026;741.0727539;5122800;LLY;Healthcare;0
22/01/2025 00:00;744.2972282;759.0617597;737.778434;752.6827393;3737800;LLY;Healthcare;0
23/01/2025 00:00;746.3736501;765.2810669;742.9695437;765.2810669;3127200;LLY;Healthcare;Pre Quarter
24/01/2025 00:00;760.6390573;787.931984;759.1815474;784.0586548;4170600;LLY;Healthcare;Pre Quarter
27/01/2025 00:00;777.3702654;807.8577;777.3702654;806.779541;3915200;LLY;Healthcare;Pre Quarter
28/01/2025 00:00;805.8511705;814.7458754;798.7334324;803.6050415;2808800;LLY;Healthcare;Pre Quarter
29/01/2025 00:00;805.6015608;807.727901;797.6253173;802.6965942;1827600;LLY;Healthcare;Pre Quarter
30/01/2025 00:00;807.0190894;823.2012217;803.6149832;821.8135986;2643000;LLY;Healthcare;Pre Quarter
31/01/2025 00:00;821.5840451;825.9265367;809.6346685;809.6845703;2562600;LLY;Healthcare;Pre Quarter
03/02/2025 00:00;802.8862696;816.5527184;800.3705858;809.0356445;2808800;LLY;Healthcare;Pos Quarter
04/02/2025 00:00;809.6545653;827.6136035;804.5533717;824.6487427;4299700;LLY;Healthcare;Pos Quarter
05/02/2025 00:00;833.7131449;845.442929;829.630155;840.7310181;4578900;LLY;Healthcare;Pos Quarter
06/02/2025 00:00;838.0756591;886.2126693;834.172352;868.8725586;7138500;LLY;Healthcare;Pos Quarter
07/02/2025 00:00;875.0219833;887.8298658;868.1238376;876.7988892;4426100;LLY;Healthcare;Pos Quarter
10/02/2025 00:00;876.2198814;878.4859954;857.8914837;867.3851318;3065600;LLY;Healthcare;Pos Quarter
11/02/2025 00:00;865.5383164;872.685971;859.019522;863.5117798;1944200;LLY;Healthcare;Pos Quarter
12/02/2025 00:00;855.4556365;876.2698004;854.63704;871.4680176;2533400;LLY;Healthcare;0
13/02/2025 00:00;875.5610437;881.9799738;866.3069729;870.3599854;2472900;LLY;Healthcare;0
14/02/2025 00:00;869.0999756;873.5;841.4899902;844.2700195;3222300;LLY;Healthcare;0
18/02/2025 00:00;856.4199829;862.7299805;851.3599854;857.2000122;4288000;LLY;Healthcare;0
19/02/2025 00:00;857.1749878;881.3267822;859.1201172;876.2050171;1556754;LLY;Healthcare;0
21/01/2025 00:00;98.08000183;98.26999664;95.76000214;96.23999786;17756100;MRK;Healthcare;0
22/01/2025 00:00;95.95999908;97;95.15000153;95.68000031;13070900;MRK;Healthcare;0
23/01/2025 00:00;96.11000061;97.16000366;95.22000122;96.62999725;11522800;MRK;Healthcare;Pre Quarter
24/01/2025 00:00;96.79000092;97.09999847;95.41000366;95.55000305;12244800;MRK;Healthcare;Pre Quarter
27/01/2025 00:00;96.62999725;98.62000275;95.98000336;97.94000244;15093400;MRK;Healthcare;Pre Quarter
28/01/2025 00:00;97.34999847;98.87999725;96.58999634;97.44999695;12840900;MRK;Healthcare;Pre Quarter
29/01/2025 00:00;97.41999817;99.15000153;97.38999939;98.27999878;10225500;MRK;Healthcare;Pre Quarter
30/01/2025 00:00;99.41000366;99.41000366;98.23000336;98.94999695;10164700;MRK;Healthcare;Pre Quarter
31/01/2025 00:00;99.09999847;100.0599976;98.58000183;98.81999969;11421600;MRK;Healthcare;Pre Quarter
03/02/2025 00:00;98.12999725;100.1500015;98;99.79000092;13363900;MRK;Healthcare;Pos Quarter
04/02/2025 00:00;89;91.23000336;87.33000183;90.73999786;50837600;MRK;Healthcare;Pos Quarter
05/02/2025 00:00;90.38999939;90.73999786;88;89.66999817;21670600;MRK;Healthcare;Pos Quarter
06/02/2025 00:00;89.41000366;89.56999969;87.83999634;88.05000305;19509700;MRK;Healthcare;Pos Quarter
07/02/2025 00:00;87.51999664;88.59999847;87.12000275;87.27999878;15815000;MRK;Healthcare;Pos Quarter
10/02/2025 00:00;87.19999695;87.98000336;86.26999664;86.40000153;21212100;MRK;Healthcare;Pos Quarter
11/02/2025 00:00;86.05999756;86.98999786;85.73000336;86.54000092;20922300;MRK;Healthcare;Pos Quarter
12/02/2025 00:00;86.06999969;86.66999817;85.61000061;85.66999817;14785300;MRK;Healthcare;0
13/02/2025 00:00;85.58999634;85.69999695;84.30999756;84.41999817;20415100;MRK;Healthcare;0
14/02/2025 00:00;84.41999817;84.77999878;82.08999634;83.01000214;26779000;MRK;Healthcare;0
18/02/2025 00:00;81.12999725;83.58999634;81.04000092;83.29000092;25894000;MRK;Healthcare;0
19/02/2025 00:00;83.23999786;84.73000336;82.84999847;84.33999634;5111703;MRK;Healthcare;0
21/01/2025 00:00;111.0566333;111.185478;110.1447837;110.4817734;20416300;XOM;Energy;0
22/01/2025 00:00;110.2141605;110.580883;108.4301228;108.5589676;15718000;XOM;Energy;0
23/01/2025 00:00;109.3320548;110.1546983;108.6382636;109.1734772;13726800;XOM;Energy;Pre Quarter
24/01/2025 00:00;109.2626727;109.7285071;107.4489021;107.6966858;14235900;XOM;Energy;Pre Quarter
27/01/2025 00:00;108.0435861;109.4708148;107.4290799;109.1932983;15926700;XOM;Energy;Pre Quarter
28/01/2025 00:00;109.4311756;109.8870966;106.8344002;107.0821838;15862000;XOM;Energy;Pre Quarter
29/01/2025 00:00;106.7551081;107.8156218;106.5172379;107.7065964;12345500;XOM;Energy;Pre Quarter
30/01/2025 00:00;108.2715413;108.876134;107.7363277;108.5986176;14346300;XOM;Energy;Pre Quarter
31/01/2025 00:00;109.5699336;109.5699336;105.1593801;105.8829117;20381400;XOM;Energy;Pre Quarter
03/02/2025 00:00;105.6945946;106.348747;104.3862972;106.1406021;14623200;XOM;Energy;Pos Quarter
04/02/2025 00:00;105.7639733;109.3023236;105.5855688;108.9851608;14835700;XOM;Energy;Pos Quarter
05/02/2025 00:00;108.7671103;109.0347209;108.1327847;108.9058685;13364400;XOM;Energy;Pos Quarter
06/02/2025 00:00;109.7879707;110.0654947;107.0326179;107.4687195;13411400;XOM;Energy;Pos Quarter
07/02/2025 00:00;107.8156191;108.7572015;107.3596981;107.9246445;10051600;XOM;Energy;Pos Quarter
10/02/2025 00:00;109.0347178;110.0456717;108.9058654;109.9862061;12142200;XOM;Energy;Pos Quarter
11/02/2025 00:00;110.6106212;111.5125573;109.8375374;110.6800003;12713100;XOM;Energy;Pos Quarter
12/02/2025 00:00;110.0500031;110.2300034;107.1800003;107.3499985;18244100;XOM;Energy;0
13/02/2025 00:00;107.1500015;108.4100037;106.5199966;108.1299973;15460000;XOM;Energy;0
14/02/2025 00:00;108.5199966;110.2300034;108.0999985;108.2399979;15733500;XOM;Energy;0
18/02/2025 00:00;108.6299973;110.9899979;108.3199997;110.1399994;20059500;XOM;Energy;0
19/02/2025 00:00;110.7549973;112.1200027;110.5800018;111.1999969;3466751;XOM;Energy;0
21/01/2025 00:00;159.3821858;159.6294433;155.7623473;156.5041199;10131400;CVX;Energy;0
22/01/2025 00:00;155.9502406;156.701913;154.5557198;154.6941833;7232200;CVX;Energy;0
23/01/2025 00:00;155.9008076;156.2074045;153.9128476;154.2985687;5979800;CVX;Energy;Pre Quarter
24/01/2025 00:00;154.7436472;155.7425621;153.566699;153.9425201;8003800;CVX;Energy;Pre Quarter
27/01/2025 00:00;154.615067;156.1579514;153.8139551;155.505188;7141000;CVX;Energy;Pre Quarter
28/01/2025 00:00;155.9799287;157.1766465;153.4776689;154.4963837;6425400;CVX;Energy;Pre Quarter
29/01/2025 00:00;154.0117559;154.8623223;153.1117349;153.9820862;5630600;CVX;Energy;Pre Quarter
30/01/2025 00:00;154.8425364;155.7227725;153.8139518;154.6051788;6931900;CVX;Energy;Pre Quarter
31/01/2025 00:00;152.0732498;152.6765587;147.0193058;147.5533905;16731600;CVX;Energy;Pre Quarter
03/02/2025 00:00;147.3654699;149.2050663;146.1786369;147.7017365;7605000;CVX;Energy;Pos Quarter
04/02/2025 00:00;147.0885494;151.7073179;147.0885494;151.5391846;8458100;CVX;Energy;Pos Quarter
05/02/2025 00:00;151.3117065;152.1128184;150.6193735;151.3117065;6533700;CVX;Energy;Pos Quarter
06/02/2025 00:00;152.5282148;153.5567994;149.4028762;150.2336578;6420500;CVX;Energy;Pos Quarter
07/02/2025 00:00;150.8072914;152.1227031;150.253437;150.945755;4724900;CVX;Energy;Pos Quarter
10/02/2025 00:00;152.5974278;154.0908727;152.3699551;154.061203;5653800;CVX;Energy;Pos Quarter
11/02/2025 00:00;154.6348515;156.968963;154.4073637;155.7128906;6011800;CVX;Energy;Pos Quarter
12/02/2025 00:00;155.0304562;155.742559;152.874378;153.2007446;6693500;CVX;Energy;0
13/02/2025 00:00;153.0820592;154.7040677;151.6380838;154.1699982;7836400;CVX;Energy;0
14/02/2025 00:00;155.0800018;157.4499969;154.8800049;155.3399963;5828800;CVX;Energy;0
18/02/2025 00:00;155.3399963;157.3099976;154.7799988;156.1600037;5978700;CVX;Energy;0
19/02/2025 00:00;156.5200043;157.8300018;156;157.7698975;1424752;CVX;Energy;0
21/01/2025 00:00;66.23845868;66.33740193;65.8625;66.0603714;4715386;SHEL;Energy;0
22/01/2025 00:00;66.12963274;66.12963274;65.23920382;65.2490921;4912864;SHEL;Energy;0
23/01/2025 00:00;65.99112159;66.1939447;65.67452279;65.95155334;3588463;SHEL;Energy;Pre Quarter
24/01/2025 00:00;65.6745218;65.74872925;64.62578972;64.69504547;4915895;SHEL;Energy;Pre Quarter
27/01/2025 00:00;64.60600367;64.6851477;63.98269439;64.4477005;4245483;SHEL;Energy;Pre Quarter
28/01/2025 00:00;64.45759568;64.60600301;63.52758346;63.89365387;3776182;SHEL;Energy;Pre Quarter
29/01/2025 00:00;63.75513933;64.27455364;63.70566771;64.09152222;4246173;SHEL;Energy;Pre Quarter
30/01/2025 00:00;65.32824454;66.23846515;65.24909296;65.94165802;6257910;SHEL;Energy;Pre Quarter
31/01/2025 00:00;66.35718934;66.40170927;64.9918585;65.15015411;5424691;SHEL;Energy;Pre Quarter
03/02/2025 00:00;64.60600205;65.0710006;64.23993165;64.47737885;4841684;SHEL;Energy;Pos Quarter
04/02/2025 00:00;64.48727323;65.96638722;64.48727323;65.92185974;3579851;SHEL;Energy;Pos Quarter
05/02/2025 00:00;65.72399367;66.03069663;65.49643475;65.82292938;3264989;SHEL;Energy;Pos Quarter
06/02/2025 00:00;66.14942087;66.18899666;65.11552881;65.4568634;4125398;SHEL;Energy;Pos Quarter
07/02/2025 00:00;65.59537397;65.73388546;65.1105762;65.18972778;4075314;SHEL;Energy;Pos Quarter
10/02/2025 00:00;65.0413229;65.59537643;65.0413229;65.42717743;4059506;SHEL;Energy;Pos Quarter
11/02/2025 00:00;66.19889607;66.99533343;65.94165719;66.66389465;3529541;SHEL;Energy;Pos Quarter
12/02/2025 00:00;66.23845927;66.80240107;65.83776478;66.0504837;3067602;SHEL;Energy;0
13/02/2025 00:00;65.9218661;66.85682252;65.72399469;66.65400696;2978435;SHEL;Energy;0
14/02/2025 00:00;67.83999634;68.23999786;67.09999847;67.12999725;2934859;SHEL;Energy;0
18/02/2025 00:00;67.58999634;68.09500122;67.44999695;67.81999969;3332403;SHEL;Energy;0
19/02/2025 00:00;67.79000092;68.15499878;67.73999786;67.83450317;1199727;SHEL;Energy;0
21/01/2025 00:00;31.51000023;31.62999916;31.32999992;31.52000046;7301500;BP;Energy;0
22/01/2025 00:00;31.53000069;31.55999947;31.10000038;31.12999916;8494100;BP;Energy;0
23/01/2025 00:00;31.45999908;31.56999969;31.26000023;31.48999977;6586400;BP;Energy;Pre Quarter
24/01/2025 00:00;31.5;31.60000038;31.25;31.45000076;5748400;BP;Energy;Pre Quarter
27/01/2025 00:00;31.45000076;31.53000069;31.07999992;31.45000076;8021600;BP;Energy;Pre Quarter
28/01/2025 00:00;31.52000046;31.59000015;30.95999908;31.15999985;6388000;BP;Energy;Pre Quarter
29/01/2025 00:00;30.95000076;31.20000076;30.86000061;31.12999916;8065800;BP;Energy;Pre Quarter
30/01/2025 00:00;31.37999916;31.62999916;31.21999931;31.61000061;7928600;BP;Energy;Pre Quarter
31/01/2025 00:00;31.65999985;31.65999985;30.93000031;31.05999947;10680300;BP;Energy;Pre Quarter
03/02/2025 00:00;30.71999931;31.62999916;30.37000084;30.87000084;26919700;BP;Energy;Pos Quarter
04/02/2025 00:00;30.77000046;31.67000008;30.77000046;31.63999939;18006700;BP;Energy;Pos Quarter
05/02/2025 00:00;31.87999916;31.93000031;31.57999992;31.67000008;14842400;BP;Energy;Pos Quarter
06/02/2025 00:00;32.22000122;32.38000107;31.71999931;31.95999908;13970900;BP;Energy;Pos Quarter
07/02/2025 00:00;32.33000183;32.49000168;32.06999969;32.27000046;10042200;BP;Energy;Pos Quarter
10/02/2025 00:00;34.18999863;34.90999985;34.15000153;34.41999817;39130900;BP;Energy;Pos Quarter
11/02/2025 00:00;34.25;34.83000183;33.88999939;34.54999924;17244500;BP;Energy;Pos Quarter
12/02/2025 00:00;34.33000183;35.09000015;34.24000168;34.68000031;16537100;BP;Energy;0
13/02/2025 00:00;34.68000031;35.24000168;34.45000076;34.49000168;15284000;BP;Energy;0
14/02/2025 00:00;35.29999924;35.54999924;34.99000168;35;13148400;BP;Energy;0
18/02/2025 00:00;34.88999939;35.36000061;34.77000046;35.31000137;12304500;BP;Energy;0
19/02/2025 00:00;34.91999817;35.31990051;34.90999985;34.93000031;3202758;BP;Energy;0
21/01/2025 00:00;59.00999832;59.45999908;58.74000168;59.11000061;2480500;TTE;Energy;0
22/01/2025 00:00;58.77999878;58.79000092;58.08000183;58.11000061;1263600;TTE;Energy;0
23/01/2025 00:00;58.86999893;59.02000046;58.25;58.75;1871100;TTE;Energy;Pre Quarter
24/01/2025 00:00;58.99000168;59.06000137;58.45999908;58.72999954;1170500;TTE;Energy;Pre Quarter
27/01/2025 00:00;58.75999832;59.06999969;58.45999908;58.91999817;1609000;TTE;Energy;Pre Quarter
28/01/2025 00:00;58.54999924;58.81999969;57.95000076;58.13000107;1288800;TTE;Energy;Pre Quarter
29/01/2025 00:00;57.68999863;58.31000137;57.65999985;58.18000031;1050100;TTE;Energy;Pre Quarter
30/01/2025 00:00;58.45000076;58.93999863;58.18000031;58.72999954;1052100;TTE;Energy;Pre Quarter
31/01/2025 00:00;58.77000046;58.83000183;57.77000046;58.02999878;1430900;TTE;Energy;Pre Quarter
03/02/2025 00:00;57.27999878;57.91999817;57.02000046;57.56000137;1346900;TTE;Energy;Pos Quarter
04/02/2025 00:00;57.75999832;59.40000153;57.75999832;59.18999863;1712700;TTE;Energy;Pos Quarter
05/02/2025 00:00;60.36000061;60.68000031;60.11000061;60.31999969;1860700;TTE;Energy;Pos Quarter
06/02/2025 00:00;61.29000092;61.33000183;60.56999969;60.91999817;1555700;TTE;Energy;Pos Quarter
07/02/2025 00:00;61.09000015;61.25999832;60.63000107;60.77999878;1385000;TTE;Energy;Pos Quarter
10/02/2025 00:00;60.47000122;60.75;59.95000076;60.34999847;1329200;TTE;Energy;Pos Quarter
11/02/2025 00:00;60.84999847;61.15000153;60.56000137;61;2255000;TTE;Energy;Pos Quarter
12/02/2025 00:00;60.68000031;61.29000092;60.36000061;60.86000061;1561100;TTE;Energy;0
13/02/2025 00:00;60.79999924;61.31000137;60.59000015;61.06000137;1258300;TTE;Energy;0
14/02/2025 00:00;61.93999863;62.34999847;61.29000092;61.40999985;1030000;TTE;Energy;0
18/02/2025 00:00;61.45000076;62.20999908;61.34999847;61.81000137;1341700;TTE;Energy;0
19/02/2025 00:00;61.41999817;61.58000183;60.93999863;61.04639816;388388;TTE;Energy;0
21/01/2025 00:00;71.36000061;71.87999725;70.77999878;70.84999847;12153800;NEE;Energy;0
22/01/2025 00:00;70.55999756;70.56999969;68.33999634;68.48999786;14415200;NEE;Energy;0
23/01/2025 00:00;68.84999847;69.34999847;68.26999664;69.23000336;10780100;NEE;Energy;Pre Quarter
24/01/2025 00:00;68.09999847;74.05000305;68;72.83000183;24588500;NEE;Energy;Pre Quarter
27/01/2025 00:00;73.30000305;73.93000031;70.63999939;73.83000183;19128900;NEE;Energy;Pre Quarter
28/01/2025 00:00;72.33000183;72.87999725;69.91999817;70.54000092;16630500;NEE;Energy;Pre Quarter
29/01/2025 00:00;70.75;71.51999664;70.61000061;70.88999939;9496700;NEE;Energy;Pre Quarter
30/01/2025 00:00;71.98999786;72;70.79000092;71.30000305;8639200;NEE;Energy;Pre Quarter
31/01/2025 00:00;71.51000214;71.73000336;70.93000031;71.55999756;10709600;NEE;Energy;Pre Quarter
03/02/2025 00:00;70.5;71.79000092;70.19000244;71.05000305;9128300;NEE;Energy;Pos Quarter
04/02/2025 00:00;70.25;70.84999847;69.62000275;69.90000153;10574700;NEE;Energy;Pos Quarter
05/02/2025 00:00;70.75;70.79000092;69.13999939;69.19999695;9026100;NEE;Energy;Pos Quarter
06/02/2025 00:00;69.40000153;69.62000275;68.26000214;69.26999664;9145300;NEE;Energy;Pos Quarter
07/02/2025 00:00;69.13999939;69.38999939;68.19999695;68.26999664;9320400;NEE;Energy;Pos Quarter
10/02/2025 00:00;68.33999634;69.73999786;68.08999634;69.69999695;9121300;NEE;Energy;Pos Quarter
11/02/2025 00:00;69.41000366;70.37999725;68.70999908;70.33000183;7020100;NEE;Energy;Pos Quarter
12/02/2025 00:00;69.30999756;70.19000244;68.98000336;69.27999878;8574000;NEE;Energy;0
13/02/2025 00:00;69.41999817;69.66000366;68.55999756;68.59999847;15173000;NEE;Energy;0
14/02/2025 00:00;68.59999847;69.01999664;67.87999725;68.05999756;14184600;NEE;Energy;0
18/02/2025 00:00;68;68.55000305;67.52999878;68.5;12090300;NEE;Energy;0
19/02/2025 00:00;68.54000092;69.41999817;68.41000366;69.05000305;3889557;NEE;Energy;0
21/01/2025 00:00;38.86999893;39.58000183;38.79000092;39.02000046;25717600;VZ;Communication;0
22/01/2025 00:00;38.88999939;39.34000015;38.59000015;38.95000076;31488900;VZ;Communication;0
23/01/2025 00:00;39.24000168;39.40000153;39.08000183;39.18000031;25153500;VZ;Communication;Pre Quarter
24/01/2025 00:00;40.11000061;40.68000031;39.36999893;39.54000092;37123900;VZ;Communication;Pre Quarter
27/01/2025 00:00;40.15000153;40.81000137;40.04999924;40.63999939;35520300;VZ;Communication;Pre Quarter
28/01/2025 00:00;40.59999847;40.81000137;40.34999847;40.40000153;21031900;VZ;Communication;Pre Quarter
29/01/2025 00:00;40.81999969;40.88000107;40.04999924;40.27999878;24238100;VZ;Communication;Pre Quarter
30/01/2025 00:00;40.34999847;40.34999847;39.15999985;39.47000122;27913500;VZ;Communication;Pre Quarter
31/01/2025 00:00;39.56999969;39.93999863;39.27999878;39.38999939;45185400;VZ;Communication;Pre Quarter
03/02/2025 00:00;39.31000137;40.11999893;39.15000153;39.97999954;27967100;VZ;Communication;Pos Quarter
04/02/2025 00:00;39.77999878;39.88000107;39.59999847;39.81000137;19190200;VZ;Communication;Pos Quarter
05/02/2025 00:00;40.13000107;40.31000137;39.81000137;40.13000107;16830500;VZ;Communication;Pos Quarter
06/02/2025 00:00;40.22999954;40.29000092;39.66999817;39.93999863;15370600;VZ;Communication;Pos Quarter
07/02/2025 00:00;39.95999908;40.11000061;39.56999969;39.88000107;15754800;VZ;Communication;Pos Quarter
10/02/2025 00:00;40.02000046;40.13999939;39.81999969;39.95000076;16737500;VZ;Communication;Pos Quarter
11/02/2025 00:00;39.97999954;40.52000046;39.81999969;40.49000168;15182700;VZ;Communication;Pos Quarter
12/02/2025 00:00;40.49000168;40.59999847;40.15000153;40.52999878;14440300;VZ;Communication;0
13/02/2025 00:00;40.61000061;41.11000061;40.41999817;41.04000092;17056700;VZ;Communication;0
14/02/2025 00:00;41.13999939;41.29000092;40.93999863;40.99000168;12438200;VZ;Communication;0
18/02/2025 00:00;40.91999817;41.22000122;40.61000061;41.20000076;16347900;VZ;Communication;0
19/02/2025 00:00;41.34999847;41.72499847;41.28499985;41.68889999;5225653;VZ;Communication;0
21/01/2025 00:00;22.20999908;22.54000092;22.20999908;22.48999977;36777600;T;Communication;0
22/01/2025 00:00;22.37999916;22.47999954;22.02000046;22.31999969;31676400;T;Communication;0
23/01/2025 00:00;22.34000015;22.65999985;22.21999931;22.53000069;32125200;T;Communication;Pre Quarter
24/01/2025 00:00;22.54999924;22.79000092;22.54000092;22.71999931;44409200;T;Communication;Pre Quarter
27/01/2025 00:00;23.5;24.37000084;23.35000038;24.13999939;92445200;T;Communication;Pre Quarter
28/01/2025 00:00;24.05999947;24.57999992;23.92000008;24.39999962;55731400;T;Communication;Pre Quarter
29/01/2025 00:00;24.70999908;24.97999954;24.20000076;24.22999954;34420400;T;Communication;Pre Quarter
30/01/2025 00:00;24.17000008;24.22999954;23.78000069;24.02000046;45653000;T;Communication;Pre Quarter
31/01/2025 00:00;24.01000023;24.13999939;23.65999985;23.72999954;40347600;T;Communication;Pre Quarter
03/02/2025 00:00;23.69000053;24.43000031;23.67000008;24.25;59555800;T;Communication;Pos Quarter
04/02/2025 00:00;24.20999908;24.43000031;24.06999969;24.25;30540200;T;Communication;Pos Quarter
05/02/2025 00:00;24.45999908;24.57999992;24.28000069;24.46999931;29511700;T;Communication;Pos Quarter
06/02/2025 00:00;24.5;24.55999947;24.29999924;24.45000076;24522500;T;Communication;Pos Quarter
07/02/2025 00:00;24.45000076;24.72999954;24.25;24.54000092;26290100;T;Communication;Pos Quarter
10/02/2025 00:00;24.61000061;24.94000053;24.60000038;24.86000061;31913400;T;Communication;Pos Quarter
11/02/2025 00:00;24.89999962;25.18000031;24.79999924;25.14999962;35150300;T;Communication;Pos Quarter
12/02/2025 00:00;25.14999962;25.37999916;25.05999947;25.36000061;38970300;T;Communication;0
13/02/2025 00:00;25.46999931;25.73999977;25.36000061;25.62999916;35115100;T;Communication;0
14/02/2025 00:00;25.67000008;25.93000031;25.60000038;25.87000084;31687800;T;Communication;0
18/02/2025 00:00;25.70999908;26.18000031;25.70999908;26.06999969;52435500;T;Communication;0
19/02/2025 00:00;26.21999931;26.28000069;26.06999969;26.22500038;9679263;T;Communication;0
21/01/2025 00:00;8.520000458;8.600000381;8.5;8.550000191;8239700;VOD;Communication;0
22/01/2025 00:00;8.430000305;8.449999809;8.369999886;8.380000114;8137300;VOD;Communication;0
23/01/2025 00:00;8.369999886;8.460000038;8.359999657;8.399999619;5552800;VOD;Communication;Pre Quarter
24/01/2025 00:00;8.399999619;8.430000305;8.359999657;8.369999886;7117600;VOD;Communication;Pre Quarter
27/01/2025 00:00;8.539999962;8.579999924;8.470000267;8.569999695;9776100;VOD;Communication;Pre Quarter
28/01/2025 00:00;8.569999695;8.630000114;8.470000267;8.510000229;6660900;VOD;Communication;Pre Quarter
29/01/2025 00:00;8.520000458;8.640000343;8.510000229;8.550000191;9034400;VOD;Communication;Pre Quarter
30/01/2025 00:00;8.590000153;8.619999886;8.529999733;8.609999657;5938400;VOD;Communication;Pre Quarter
31/01/2025 00:00;8.56000042;8.609999657;8.520000458;8.539999962;8250000;VOD;Communication;Pre Quarter
03/02/2025 00:00;8.56000042;8.720000267;8.470000267;8.489999771;18115900;VOD;Communication;Pos Quarter
04/02/2025 00:00;8.090000153;8.220000267;8;8.199999809;31108400;VOD;Communication;Pos Quarter
05/02/2025 00:00;8.199999809;8.300000191;8.199999809;8.270000458;8599700;VOD;Communication;Pos Quarter
06/02/2025 00:00;8.399999619;8.470000267;8.380000114;8.43999958;9180700;VOD;Communication;Pos Quarter
07/02/2025 00:00;8.609999657;8.619999886;8.479999542;8.569999695;14225700;VOD;Communication;Pos Quarter
10/02/2025 00:00;8.619999886;8.630000114;8.56000042;8.569999695;8446000;VOD;Communication;Pos Quarter
11/02/2025 00:00;8.449999809;8.520000458;8.409999847;8.5;12394600;VOD;Communication;Pos Quarter
12/02/2025 00:00;8.609999657;8.659999847;8.579999924;8.590000153;8459800;VOD;Communication;0
13/02/2025 00:00;8.399999619;8.470000267;8.390000343;8.430000305;9856900;VOD;Communication;0
14/02/2025 00:00;8.399999619;8.449999809;8.359999657;8.359999657;9558800;VOD;Communication;0
18/02/2025 00:00;8.350000381;8.399999619;8.31000042;8.340000153;7339000;VOD;Communication;0
19/02/2025 00:00;8.25;8.279999733;8.239999771;8.255000114;3938941;VOD;Communication;0
21/01/2025 00:00;31.43000031;31.70000076;31.38999939;31.60000038;273200;DTEGY;Communication;0
22/01/2025 00:00;31.18000031;31.27000046;31.12000084;31.20000076;200200;DTEGY;Communication;0
23/01/2025 00:00;31.28000069;31.52000046;31.12000084;31.47999954;622600;DTEGY;Communication;Pre Quarter
24/01/2025 00:00;30.92000008;31.07999992;30.79999924;30.85000038;2232300;DTEGY;Communication;Pre Quarter
27/01/2025 00:00;31.35000038;31.46999931;31.26000023;31.43000031;335600;DTEGY;Communication;Pre Quarter
28/01/2025 00:00;31.87000084;32.13000107;31.81999969;32.09000015;303600;DTEGY;Communication;Pre Quarter
29/01/2025 00:00;32.88999939;33.68000031;32.88999939;33.34000015;399100;DTEGY;Communication;Pre Quarter
30/01/2025 00:00;33.58000183;33.72999954;33.45000076;33.63999939;191200;DTEGY;Communication;Pre Quarter
31/01/2025 00:00;33.56000137;33.81999969;33.49000168;33.49000168;526300;DTEGY;Communication;Pre Quarter
03/02/2025 00:00;33.31000137;33.63000107;33.20999908;33.5;269100;DTEGY;Communication;Pos Quarter
04/02/2025 00:00;33.47000122;33.61999893;33.36000061;33.61000061;127800;DTEGY;Communication;Pos Quarter
05/02/2025 00:00;33.93000031;34.24000168;33.91999817;34.13000107;267500;DTEGY;Communication;Pos Quarter
06/02/2025 00:00;33.95000076;34.34000015;33.93000031;34.29999924;171500;DTEGY;Communication;Pos Quarter
07/02/2025 00:00;34.34999847;34.34999847;33.93000031;33.97999954;380200;DTEGY;Communication;Pos Quarter
10/02/2025 00:00;34.47000122;34.56000137;34.36999893;34.56000137;227800;DTEGY;Communication;Pos Quarter
11/02/2025 00:00;34.77999878;35.31999969;34.75999832;35.31999969;289000;DTEGY;Communication;Pos Quarter
12/02/2025 00:00;35.20000076;35.74000168;35.09000015;35.52000046;137500;DTEGY;Communication;0
13/02/2025 00:00;34.77999878;35.15999985;34.70999908;35.13000107;225200;DTEGY;Communication;0
14/02/2025 00:00;35.18000031;35.43999863;35.18000031;35.36000061;215800;DTEGY;Communication;0
18/02/2025 00:00;35.93999863;36.18000031;35.86999893;36.08000183;3037100;DTEGY;Communication;0
19/02/2025 00:00;35.93999863;36.11999893;35.95000076;35.97000122;12851;DTEGY;Communication;0
21/01/2025 00:00;218.2400055;220.2799988;218.1300049;219.4900055;3700400;TMUS;Communication;0
22/01/2025 00:00;219.1900024;220.8600006;218.0800018;218.1799927;4124000;TMUS;Communication;0
23/01/2025 00:00;218.6600037;219.4100037;215.3699951;216.0399933;3628400;TMUS;Communication;Pre Quarter
24/01/2025 00:00;216.8500061;218.6000061;215.7400055;218.5700073;3118500;TMUS;Communication;Pre Quarter
27/01/2025 00:00;216.7899933;223.3300018;216.7899933;221.4299927;4153100;TMUS;Communication;Pre Quarter
28/01/2025 00:00;220.2100067;224.1600037;218.8000031;221.1399994;3975500;TMUS;Communication;Pre Quarter
29/01/2025 00:00;238;241.3999939;233.2299957;235.1499939;8859500;TMUS;Communication;Pre Quarter
30/01/2025 00:00;239.2100067;240.8399963;233.9700012;234.3699951;4205200;TMUS;Communication;Pre Quarter
31/01/2025 00:00;234.5;235.4799957;231;232.9700012;3337900;TMUS;Communication;Pre Quarter
03/02/2025 00:00;235.9400024;238.3500061;232.6000061;238.1000061;3720000;TMUS;Communication;Pos Quarter
04/02/2025 00:00;236.3099976;240.8399963;235.3899994;237.25;3285900;TMUS;Communication;Pos Quarter
05/02/2025 00:00;237.8500061;242.6999969;237.6399994;242.4299927;3130700;TMUS;Communication;Pos Quarter
06/02/2025 00:00;243.6100006;247.6000061;243.4199982;247.1699982;3272200;TMUS;Communication;Pos Quarter
07/02/2025 00:00;247.5;250.5;246.1000061;246.2400055;3434400;TMUS;Communication;Pos Quarter
10/02/2025 00:00;254.9299927;256.480011;251.25;255.8300018;4887600;TMUS;Communication;Pos Quarter
11/02/2025 00:00;255.1199951;259.4599915;253.3500061;258.7000122;2598200;TMUS;Communication;Pos Quarter
12/02/2025 00:00;256.3900146;259.5899963;255.1600037;255.2799988;3220000;TMUS;Communication;0
13/02/2025 00:00;255.0500031;266;255;265.0799866;3859900;TMUS;Communication;0
14/02/2025 00:00;266.6900024;271.4100037;264.3999939;270.8200073;4835300;TMUS;Communication;0
18/02/2025 00:00;270;270.75;262.5499878;263.2099915;3878200;TMUS;Communication;0
19/02/2025 00:00;262.7000122;264.25;261.6499939;262.125;861678;TMUS;Communication;0
